"","Temperature","Humidity","Wind.Speed","Visibility","Dew.Point.Temperature","Solar.Radiation","Rainfall","Snowfall","Rented.Bike.Count"
"838",-1.32905350499504,-0.885970256691195,0.300307970849888,0.509544904163894,-1.43000897735119,-0.651116748992562,-0.136940664848981,-0.173165926595225,-0.606552091615548
"4372",0.481544819163551,0.670348607865397,-0.299077961386593,-0.151373814649419,0.707784495656271,-0.651116748992562,-0.136940664848981,-0.173165926595225,-0.519208604916626
"3977",1.33260946922888,-1.08678559405334,0.699898592340876,0.323764269273585,0.646485758078996,1.01886738105623,-0.136940664848981,-0.173165926595225,1.18398938571235
